User,FirstName,LastName,Last Attempt,Overdue,Up To Date,Completed,Percentage Completed,Date Assigned,Currently Assigned,AssignedBy,Expiration Date,Prerequisites Completed,External Employee ID,CompanyName,Username,Email,Title,CustomField1,CustomField2,CustomField3,CustomField4,CustomField5,CustomField6,CustomField7,CustomField8,CustomField9,CustomField10
Captain Ahab,Captain,Ahab,,FALSE,TRUE,FALSE,0,07/02/2019,TRUE,Multiple,,FALSE,,ACME Testing Agency,cahab@acmetesting.com,cahab@acmetesting.com,,,,,,,,,,,
Captain Nemo,Captain,Nemo,,FALSE,TRUE,FALSE,0,04/27/2020,TRUE,Multiple,,FALSE,,ACME Testing Agency,cnemo@acmetesting.com,cnemo@acmetesting.com,,,,,,,,,,,
Cheshire Cat,Cheshire,Cat,,FALSE,TRUE,FALSE,0,06/30/2020,TRUE,Multiple,,FALSE,,ACME Testing Agency,ccat@acmetesting.com,ccat@acmetesting.com,Marketing,1,13312,552378,,,,,,,
Cowardly Lion,Cowardly,Lion,,FALSE,TRUE,FALSE,0,02/11/2021,TRUE,Multiple,,FALSE,,ACME Testing Agency,clion,clion@acmetesting.com,Harvester,,,,,,,,,,
Doctor Jekyll,Doctor,Jekyll,,FALSE,TRUE,FALSE,0,01/09/2020,TRUE,Multiple,,FALSE,,ACME Testing Agency,djekyll@acmetesting.com,djekyll@acmetesting.com,Chief Scientist,1849,478573,594439,,,,,,,
Don Quixote,Don,Quixote,,FALSE,TRUE,FALSE,0,07/02/2019,TRUE,Multiple,,FALSE,,ACME Testing Agency,quixoted@acmetesting.com,quixoted@acmetesting.com,,,,,,,,,,,
Dorian Gray,Dorian,Gray,04/30/2020,FALSE,TRUE,TRUE,100,04/27/2020,TRUE,Multiple,,FALSE,,ACME Testing Agency,dgray@acmetesting.com,dgray@acmetesting.com,,,,,,,,,,,
Dorothy Gale,Dorothy,Gale,,FALSE,TRUE,FALSE,0,04/06/2021,TRUE,Multiple,,FALSE,,ACME Testing Agency,dgale@acmetesting.com,dgale@acmetesting.com,,1896,533665,643536,,,,,,,
Ebenezer (Ben) Scrooge,Ebenezer (Ben),Scrooge,04/30/2020,FALSE,TRUE,TRUE,100,04/27/2020,TRUE,Multiple,,FALSE,,ACME Testing Agency,escrooge@acmetesting.com,escrooge@acmetesting.com,CFO,,,,,,,,,,
Humpty Dumpty,Humpty,Dumpty,,FALSE,TRUE,FALSE,0,07/02/2019,TRUE,Multiple,,FALSE,,ACME Testing Agency,hdumpty@acmetesting.com,hdumpty@acmetesting.com,,,,,,,,,,,
Jack Pumpkinhead,Jack,Pumpkinhead,,FALSE,TRUE,FALSE,20,04/27/2020,TRUE,Multiple,,FALSE,,ACME Testing Agency,jpumpkinhead@acmetesting.com,jpumpkinhead@acmetesting.com,Holiday Coordinator,,,,,,,,,,
James Moriarty,James,Moriarty,,FALSE,TRUE,FALSE,0,04/06/2021,TRUE,Multiple,,FALSE,,ACME Testing Agency,jmoriarty@acmetesting.com,jmoriarty@acmetesting.com,R&D Lead,1896,534086,635457,,,,,,,
John Carter,John,Carter,,FALSE,TRUE,FALSE,0,04/27/2020,TRUE,Multiple,,FALSE,,ACME Testing Agency,jcarter@acmetesting.com,jcarter@acmetesting.com,,,,,,,,,,,
King Arthur,King,Arthur,,FALSE,TRUE,FALSE,0,04/06/2021,TRUE,Multiple,,FALSE,,ACME Testing Agency,karthur@acmetesting.com,karthur@acmetesting.com,CEO & King,1896,538732,641488,,,,,,,
KING KONG,KING,KONG,,FALSE,TRUE,TRUE,100,02/27/2018,TRUE,Multiple,,FALSE,,ACME Testing Agency,kkong@acmetesting.com,kkong@acmetesting.com,Engineer,,,,,,,,,,
Mad Hatter,Mad,Hatter,04/03/2018,FALSE,TRUE,TRUE,100,03/01/2018,TRUE,Multiple,,FALSE,,ACME Testing Agency,mhatter@acmetesting.com,mhatter@acmetesting.com,Production,,,,,,,,,,
Mister Hyde,Mister,Hyde,,FALSE,TRUE,FALSE,0,01/09/2020,TRUE,Multiple,,FALSE,,ACME Testing Agency,mhyde@acmetesting.com,mhyde@acmetesting.com,Researcher - Mayhem,1849,391456,499604,,,,,,,
Moby Dick,Moby,Dick,,FALSE,TRUE,FALSE,0,06/01/2018,TRUE,Multiple,,FALSE,,ACME Testing Agency,MDICK@ACMETESTING.COM,MDICK@ACMETESTING.COM,,1855,371857,475468,,,,,,,
Mother Goose,Mother,Goose,,FALSE,TRUE,FALSE,0,04/27/2020,TRUE,Multiple,,FALSE,,ACME Testing Agency,mgoose@acmetesting.com,mgoose@acmetesting.com,Day Care Supervisor,,,,,,,,,,
Natty Bumppo,Natty,Bumppo,,FALSE,TRUE,FALSE,0,04/27/2020,TRUE,Multiple,,FALSE,,ACME Testing Agency,nbumppo@acmetesting.com,nbumppo@acmetesting.com,,,,,,,,,,,
Paul Bunyan,Paul,Bunyan,,FALSE,TRUE,FALSE,0,04/30/2020,TRUE,Multiple,,FALSE,,ACME Testing Agency,pbunyan@acmetesting.com,pbunyan@acmetesting.com,,1872,508681,620574,,,,,,,
Robin Hood,Robin,Hood,,FALSE,TRUE,TRUE,100,03/19/2021,TRUE,Multiple,,FALSE,,ACME Testing Agency,rhood@acmetesting.com,rhood@acmetesting.com,Accounting,,,,,,,,,,
Sherlock Holmes,Sherlock,Holmes,04/30/2020,FALSE,TRUE,TRUE,100,04/28/2020,TRUE,Multiple,,FALSE,,ACME Testing Agency,s_holmes@acmetesting.com,s_holmes@acmetesting.com,Lead Investigator,,,,,,,,,,
Tin Woodman,Tin,Woodman,04/28/2020,FALSE,TRUE,TRUE,100,04/27/2020,TRUE,Multiple,,FALSE,,ACME Testing Agency,t woodman@acmetesting.com,t woodman@acmetesting.com,Cutter,,,,,,,,,,
White Rabbit,White,Rabbit,,FALSE,TRUE,FALSE,0,03/01/2018,TRUE,Multiple,,FALSE,,ACME Testing Agency,wrabbit@acmetesting.com,wrabbit@acmetesting.com,,1470,370909,473695,,,,,,,